Subject,Mention,Name of Scientist,Gender,Type of Mention,Nationality,Region,Notes,,,,,,
Physics,Newton’s laws of motion,Sir Isaac Newton,male,concept,British,Europe,,,,,,,
Physics,Newton's 1st law of motion,Sir Isaac Newton,male,concept,British,Europe,,,,,,,
Physics,Newton's 2nd law of motion,Sir Isaac Newton,male,concept,British,Europe,,,,,,,
Physics,Hooke's law,Robert Hooke,male,concept,British,Europe,,,,,,,
Physics,Hooke's law experiment,Robert Hooke,male,concept,British,Europe,,,,,,,
Physics,Ohm's law,Georg Simon Ohm,male,concept,German,Europe,,,,,,,
Physics,Rutherford–Bohr model,Ernest Rutherford,male,concept,New Zealand,Oceania,,,,,,,
Physics,Rutherford–Bohr model,Niels Bohr ,male,concept,Danish,Europe,,,,,,,
Physics,"Rutherford alpha-particle
scattering experiment",Ernest Rutherford,male,concept,New Zealand,Oceania,,,,,,,
Chemistry,"The discovery of the neutron by Chadwick, leading to
today’s model of an atom",James Chadwick,male,scientist,British,Europe,,,,,,,
Chemistry,Avogadro’s Law ,Amedeo Avogadro,male,concept,Italian,Europe,,,,,,,
Chemistry,describe the Haber process,Fritz Haber,male,concept,German,Europe,,,,,,,
Chemistry,"describe how Mendeleev arranged the elements in the
Periodic Table",Dmitri Mendeleev,male,scientist,Russian,Europe,,,,,,,
Chemistry,"Mendeleev’s
Periodic Table",Dmitri Mendeleev,male,concept,Russian,Europe,,,,,,,
Chemistry,van der Waals forces,Johannes Diderik van der Waals,male,concept,Dutch,Europe,,,,,,,
Chemistry,"Rutherford’s model of a nucleus surrounded by
electrons",Ernest Rutherford,male,concept,New Zealand,Oceania,,,,,,,
Biology,Down's syndrome,John Langdon Down,male,concept,British,Europe,,,,,,,
Biology,Huntington’s disease,George Huntington,male,concept,American ,America,,,,,,,
Biology,Mendel’s monohybrid crosses,Gregor Mendel,male,concept,Austrian,Europe,,,,,,,
Biology,Benedict's test,Stanley Rossiter Benedict,male,concept,American,America,,,,,,,
Biology,Fleming’s discovery of penicillin,Alexander Fleming,male,scientist,Scottish,Europe,,,,,,,
Biology,Penicillin development for medical applications by Florey and Chain,Howard Florey,male,scientist, Australian,Oceania,,,,,,,
Biology,Penicillin development for medical applications by Florey and Chain,Ernst Chain,male,scientist,German-British,Europe,,,,,,,
,,,,,,,,,,,,,
,,,,,,,,,,,,,
,,,,,,,,,,,,,
,,,,,,,,,,,,,
,,,,,,,,,,,,,
