Subject,Mention,Name of Scientist,Gender,Type of Mention,Nationality,Region,Notes,,
Physics,Newton's second law,Sir Isaac Newton,male,concept,english,europe,,,
Physics,Newton's third law,Sir Isaac Newton,male,concept,english,europe,,,
Physics,Newton's laws,Sir Isaac Newton,male,concept,english,europe,,,
Physics,Newton's ‘thought’ experiment.,Sir Isaac Newton,male,concept,english,europe,,,
Physics,Charle's law,Jacques Charles,male,concept,french,europe,,,
Physics,Gay-Lussac's law,Joseph Louis Gay-Lussac,male,concept,french,europe,,,
Physics,Ohm's law,Georg Ohm,male,concept,german,europe,,,
Physics,Boyle's Law,Robert Boyle ,male,concept,english,europe,,,
Physics,Brownian motion,Robert Brown ,male,concept,scottish,europe,,,
Physics,Research the role of Lord Kelvin in the determination of the absolute scale of temperature.,Lord Kelvin,male,scientist,english,europe,,,
Chemistry,Haber process,Fritz Haber ,male,concept,german,europe,,,
Chemistry,Bunsen burners,Robert Bunsen,male,concept,german,europe,,,
Chemistry,Ostwald process,Wilhelm Ostwald,male,concept,german,europe,,,
Biology,Use Punnett squares to explain inheritance,Reginald Punnett ,male,concept,British,europe,,,
