Subject,Mention,Name of Scientist,Gender,Type of Mention,Nationality,Region,Notes,,,
Physics,Hertzsprung-Russell,Ejnar Hertzsprung,male,concept,danish,europe,,,,
Physics,Hertzsprung-Russell,Henry Norris Russell,male,concept,american,north america,,,,
Physics,Newton's 1st law of motion,Sir Isaac Newton,male,concept,english,europe,,,,
Physics,Newton's 2nd law of motion,Sir Isaac Newton,male,concept,english,europe,,,,
Physics,Newton's 3rd law of motion,Sir Isaac Newton,male,concept,english,europe,,,,
Physics,Newton’s laws of motion,Sir Isaac Newton,male,concept,english,europe,,,,
Physics,"Sir Edwin Hubble's
measurements on the spectra of distant galaxies",Edwin Hubble,male,scientist,american,north america,,,,
Biology,Benedict’s reagent,Stanley Rossiter Benedict,male,concept,American,North America,,,,
Biology,"the work of Charles
Darwin ",Charles Darwin,male,scientist,English,Europe,,,,
Biology,the work of Alfred Russel Wallace,Alfred Russel Wallace,male,scientist,English,Europe,,,,
Chemistry," the theory of plate tectonics and how it developed from Alfred Wegener's
earlier theory of continental drift",Alfred Wegener,male,scientist,German,Europe,,,,
Chemistry,Avogadro’s number ,Amedeo Avogadro,male,concept,Italian,Europe,,,,
Chemistry,Haber process,Fritz Haber ,male,concept,German,Europe,,,,
Geology, Mohorovi?i? discontinuity,Andrija Mohorovi?i?,male,concept,Croatian,Europe,,,,
Geology,Mohs hardness test.,Friedrich Mohs,male,concept,German,Europe,,,,
Geology,Mohs' scale,Friedrich Mohs,male,concept,German,Europe,,,,
Geology,Darcy’s law,Henry Darcy,male,concept,French,Europe,,,,
Geology,Spearman’s rank correlation coefficient,Charles Spearman,male,concept,British,Europe,,,,
Geology,Mann-Whitney U test,Henry Mann,male,concept,Austrian-American,Europe-North America,,,,
Geology,Mann-Whitney U test,Donald Ransom Whitney,male,concept,American,North America,,,,
Geology,Continental drift was proposed by Wegener (1915),Alfred Wegener,male,scientist,German,Europe,,,,
Geology,"Evidence for sea floor spreading was
discovered by
Hess (1960)",Harry Hammond Hess,male,scientist,American,North America,,,,
Geology,"Evidence for sea floor spreading was
discovered by
Vine and Matthews (1963)", Frederick John Vine,male,scientist,British,Europe,"In the context of the Vine–Matthews–Morley hypothesis, but Morley is not mentioned.",,,
Geology,"Evidence for sea floor spreading was
discovered by
Vine and Matthews (1963)",Drummond Hoyle Matthews,male,scientist,British,Europe,"In the context of the Vine–Matthews–Morley hypothesis, but Morley is not mentioned.",,,
Geology,"Evidence for sea floor spreading was
discovered by
J. Tuzo Wilson (1965).",John Tuzo Wilson,male,scientist,Canadian,North America,,,,
Geology,"The development of the concept of Deep
Time [Ussher (The Bible), Hutton, Kelvin,
Joly and Holmes] has extended the age
of the Earth back to around 4.6 billion
years.",James Hutton,male,scientist,Scottish,Europe,,,,
Geology,"The development of the concept of Deep
Time [Ussher (The Bible), Hutton, Kelvin,
Joly and Holmes] has extended the age
of the Earth back to around 4.6 billion
years.",Lord Kelvin,male,scientist,English,Europe,,,,
Geology,"The development of the concept of Deep
Time [Ussher (The Bible), Hutton, Kelvin,
Joly and Holmes] has extended the age
of the Earth back to around 4.6 billion
years.",John Joly,male,scientist,Irish,Europe,,,,
Geology,"The development of the concept of Deep
Time [Ussher (The Bible), Hutton, Kelvin,
Joly and Holmes] has extended the age
of the Earth back to around 4.6 billion
years.",Authur Holmes,male,scientist,English,Europe,,,,
