Subject,Mention,Name of Scientist,Gender,Type of Mention,Nationality,Region,Notes
Physics,Kepler's third law,Johannes Kepler,male,concept,german,Europe,
Physics,de Broglie equation,Louis de Broglie,male,concept,french,Europe,
Physics,Newton’s laws of motion,Sir Isaac Newton,male,concept,english,Europe,
Physics,Newtonian mechanics,Sir Isaac Newton,male,concept,english,Europe,
Physics,Newton's 2nd law of motion,Sir Isaac Newton,male,concept,english,Europe,
Physics,Newton's law of gravitation,Sir Isaac Newton,male,concept,english,Europe,
Physics,Coulomb's law/equation,Charles-Augustin de Coulomb,male,concept,french,Europe,
Physics,Young modulus,Thomas Young,male,concept,english,Europe,
Physics,Young’s double-slit experiment,Thomas Young,male,concept,english,Europe,
Physics,Doppler shift/effect,Christian Doppler,male,concept,austrian,Europe,
Physics,Hubble's law,Edwin Hubble,male,concept,ameriacan,North America,
Physics,Hubble's constant,Edwin Hubble,male,concept,ameriacan,North America,
Physics,Einstein’s equation (appendix),Albert Einstein,male,concept,german,Europe,
Physics,Planck constant (appendix),Max Planck,male,concept,german,Europe,
Physics,Boltzmann constant (appendix),Ludwig Boltzmann,male,concept,austrian,Europe,
Physics,Hooke's law,Robert Hooke,male,concept,english,Europe,
Physics,Avogadro constant (appendix),Amedeo Avogadro,male,concept,italian,Europe,
Physics,Faraday's law,Michael Faraday,male,concept,english,Europe,
Physics,Lenz's law,Heinrich Friedrich Emil Lenz ,male,concept,estonian,Europe,
Physics,Snell's law,Willebrord Snellius,male,concept,dutch,Europe,
Physics,Ohm's law,Georg Simon Ohm,male,concept,german,Europe,
Physics,"Pythagoras’ theorem,",Pythagoras of Samos,male,concept,greece,Europe,
Physics,Flemming's Left Hand Rule,John Ambrose Fleming,male,concept,english,Europe,
Chemistry,Hess’s law, Germain Hess,male,concept,swiss-russian,Europe,
Chemistry,Fehling’s solution ,Hermann von Fehling,male,concept,german,Europe,
Chemistry,Tollens’ reagent,Bernhard Tollens,male,concept,german,Europe,
Chemistry,Avogadro’s constant,Amedeo Avogadro,male,concept,italian,Europe,
Chemistry,Born-Haber cycles,Max Born,male,concept,british and german,Europe,
Chemistry,Born-Haber cycles,Fritz Haber,male,concept,german,Europe,
Chemistry,Haber process,Fritz Haber ,male,concept,german,Europe,
Chemistry,Brønsted–Lowry theory of acids and bases,Johannes Nicolaus Brønsted,male,concept,danish,Europe,
Chemistry,Brønsted–Lowry theory of acids and bases,Thomas Martin Lowry ,male,concept,english,Europe,
Chemistry,Maxwell–Boltzmann distribution,James Clerk Maxwell,male,concept,scottish,Europe,
Chemistry,Maxwell–Boltzmann distribution,Ludwig Boltzmann,male,concept,austrian,Europe,
Chemistry,van der Waals forces,van der Waals,male,concept,dutch,Europe,
Biology,Meselson-Stahl experiment,Matthew Meselson,male,concept,american,North America,
Biology,Meselson-Stahl experiment,Franklin Stahl,male,concept,american,North America,
Biology,loop of Henle,Friedrich Gustav Jakob Henle,male,concept,german,Europe,
Biology,bundle of His,Wilhelm His Jr.,male,concept,german and british,Europe,
Biology,Mendel's first law,Gregor Mendel,male,concept,austrian,Europe,
Biology,Mendel's second law,Gregor Mendel,male,concept,austrian,Europe,
Biology,Mendel's laws,Gregor Mendel,male,concept,austrian,Europe,
Biology, Krebs cycle,Hans Krebs ,male,concept,german and british,Europe,
Biology,Benedict's test,Stanley Rossiter Benedict,male,concept,american,North America,
Biology,Golgi apparatus,Camillo Golgi,male,concept,italian,Europe,
Biology,Simpson’s Index , Edward Hugh Simpson ,male,concept,english,Europe,
Biology, Hardy-Weinberg principle,G. H. Hardy,male,concept,english,Europe,
Biology,Hardy-Weinberg equation,Wilhelm Weinberg,male,concept,german,Europe,
Biology,Purkinje fibres,Jan Evangelista Purkyn?,male,concept,czech ,Europe,
Biology,Bohr effect,Christian Bohr,male,concept,danish,Europe,
Biology,Student's t-test,William Sealy Gosset,male,concept,english,Europe,not sure this counts as it was a pseudonym 
