Subject,Mention,Name of Scientist,Gender,Type of Mention,Nationality,Region,Notes,,,,,,,,,,,,,,,,,,,,,,,,,,,,,,,,,,,,,,,,,,,,,,,,
Physics,The Newton,Sir Isaac Newton,male,concept,english,Europe,,,,,,,,,,,,,,,,,,,,,,,,,,,,,,,,,,,,,,,,,,,,,,,,,
Physics,Archimedes' Principle,Archimedes of Syracuse,male,concept,greek,Europe,,,,,,,,,,,,,,,,,,,,,,,,,,,,,,,,,,,,,,,,,,,,,,,,,
Physics,Hooke's Law,Robert Hooke,male,concept,english,Europe,,,,,,,,,,,,,,,,,,,,,,,,,,,,,,,,,,,,,,,,,,,,,,,,,
Physics,Young Modulus,Thomas Young,male,concept,english,Europe,,,,,,,,,,,,,,,,,,,,,,,,,,,,,,,,,,,,,,,,,,,,,,,,,
Physics,Newton's Laws of Motion,Sir Isaac Newton,male,concept,english,Europe,,,,,,,,,,,,,,,,,,,,,,,,,,,,,,,,,,,,,,,,,,,,,,,,,
Physics,Kirchoff's First Law,Gustav Kirchhoff,male,concept,german,Europe,,,,,,,,,,,,,,,,,,,,,,,,,,,,,,,,,,,,,,,,,,,,,,,,,
Physics,Ohm's Law,Georg Simon Ohm,male,concept,german,Europe,,,,,,,,,,,,,,,,,,,,,,,,,,,,,,,,,,,,,,,,,,,,,,,,,
Physics,The Coloumb,Charles-Augustin de Coulomb,male,concept,french,Europe,,,,,,,,,,,,,,,,,,,,,,,,,,,,,,,,,,,,,,,,,,,,,,,,,
Physics,Planck Constant,Max Planck,male,concept,german,Europe,,,,,,,,,,,,,,,,,,,,,,,,,,,,,,,,,,,,,,,,,,,,,,,,,
Physics,Einstein's Photoelectric Effect,Albert Einstein,male,concept,german,Europe,,,,,,,,,,,,,,,,,,,,,,,,,,,,,,,,,,,,,,,,,,,,,,,,,
Physics,The de Broglie Equation,Louis de Broglie,male,concept,french,Europe,,,,,,,,,,,,,,,,,,,,,,,,,,,,,,,,,,,,,,,,,,,,,,,,,
Physics,Brownian Motion,Robert Brown,male,concept,scottish,Europe,,,,,,,,,,,,,,,,,,,,,,,,,,,,,,,,,,,,,,,,,,,,,,,,,
Physics,Avagadro Constant,Amedeo Avogadro,male,concept,italian,Europe,,,,,,,,,,,,,,,,,,,,,,,,,,,,,,,,,,,,,,,,,,,,,,,,,
Physics,Boyle's Law,Robert Boyle,male,concept,irish,Europe,,,,,,,,,,,,,,,,,,,,,,,,,,,,,,,,,,,,,,,,,,,,,,,,,
Physics,The Boltzmann Constant,Ludwig Boltzmann,male,concept,austrian,Europe,,,,,,,,,,,,,,,,,,,,,,,,,,,,,,,,,,,,,,,,,,,,,,,,,
Physics,Newton,Sir Isaac Newton,male,concept,english,Europe,,,,,,,,,,,,,,,,,,,,,,,,,,,,,,,,,,,,,,,,,,,,,,,,,
Physics,Kirchoff's Second Law,Gustav Kirchhoff,male,concept,german,Europe,,,,,,,,,,,,,,,,,,,,,,,,,,,,,,,,,,,,,,,,,,,,,,,,,
Physics,Newton's Law of Gravitation,Sir Isaac Newton,male,concept,english,Europe,,,,,,,,,,,,,,,,,,,,,,,,,,,,,,,,,,,,,,,,,,,,,,,,,
Physics,Kepler's Three Laws of planetary motion,Johannes Kepler,male,concept,german,Europe,,,,,,,,,,,,,,,,,,,,,,,,,,,,,,,,,,,,,,,,,,,,,,,,,
Physics,Wien's Displacement Law,Wilhelm Wien,male,concept,german,Europe,,,,,,,,,,,,,,,,,,,,,,,,,,,,,,,,,,,,,,,,,,,,,,,,,
Physics,Stefan's Law,Josef Stefan,male,concept,austrian,Europe,,,,,,,,,,,,,,,,,,,,,,,,,,,,,,,,,,,,,,,,,,,,,,,,,
Physics,Hubble's Law,Edwin Hubble,male,concept,american,North America,,,,,,,,,,,,,,,,,,,,,,,,,,,,,,,,,,,,,,,,,,,,,,,,,
Physics,Chandrasekhar limit,Subrahmanyan Chandrasekhar,male,concept,indian-american,Asia-North America,,,,,,,,,,,,,,,,,,,,,,,,,,,,,,,,,,,,,,,,,,,,,,,,,
Physics,Hertzsprung–Russell (HR) diagram,Ejnar Hertzsprung and Henry Norris Russell,male,concept,danish and american,Europe-North America,,,,,,,,,,,,,,,,,,,,,,,,,,,,,,,,,,,,,,,,,,,,,,,,,
Physics,Doppler Effect,Christian Doppler,male,concept,austrian,Europe,,,,,,,,,,,,,,,,,,,,,,,,,,,,,,,,,,,,,,,,,,,,,,,,,
Physics,Coloumb's Law,Charles-Augustin de Coulomb,male,concept,french,Europe,,,,,,,,,,,,,,,,,,,,,,,,,,,,,,,,,,,,,,,,,,,,,,,,,
Physics,Lenz's Law,Heinrich Lenz,male,concept,estonian,Europe,,,,,,,,,,,,,,,,,,,,,,,,,,,,,,,,,,,,,,,,,,,,,,,,,
Physics,Faraday's Law,Michael Faraday,male,concept,english,Europe,,,,,,,,,,,,,,,,,,,,,,,,,,,,,,,,,,,,,,,,,,,,,,,,,
Physics,Fleming's Left Hand Rule,John Ambrose Fleming,male,concept,english,Europe,,,,,,,,,,,,,,,,,,,,,,,,,,,,,,,,,,,,,,,,,,,,,,,,,
Physics,Einstein's Mass Energy Equation,Albert Einstein,male,concept,german,Europe,,,,,,,,,,,,,,,,,,,,,,,,,,,,,,,,,,,,,,,,,,,,,,,,,
Physics,Compton Effect,Arthur Holly Compton,male,concept,american,North America,,,,,,,,,,,,,,,,,,,,,,,,,,,,,,,,,,,,,,,,,,,,,,,,,
Biology,,Robert Hooke,male,scientist,english,Europe,,,,,,,,,,,,,,,,,,,,,,,,,,,,,,,,,,,,,,,,,,,,,,,,,
Biology,Golgi Apparatus,Camillo Golgi,male,concept,italian,Europe,,,,,,,,,,,,,,,,,,,,,,,,,,,,,,,,,,,,,,,,,,,,,,,,,
Biology,Benedict's Test,Stanley Rossiter Benedict,male,concept,american,North America,,,,,,,,,,,,,,,,,,,,,,,,,,,,,,,,,,,,,,,,,,,,,,,,,
Biology,Hardy-Weinberg Principle,G. H. Hardy & Wilhelm Weinberg,male,concept,english and german,Europe,,,,,,,,,,,,,,,,,,,,,,,,,,,,,,,,,,,,,,,,,,,,,,,,,
Biology,Pacinian Corpuscles,Filippo Pacini ,male,concept,italian,Europe,,,,,,,,,,,,,,,,,,,,,,,,,,,,,,,,,,,,,,,,,,,,,,,,,
Biology,Purkyne tissue,Jan Evangelista Purkyn?,male,concept,czech ,Europe,,,,,,,,,,,,,,,,,,,,,,,,,,,,,,,,,,,,,,,,,,,,,,,,,
Biology,Simpson’s Index of Diversity,Edward Hugh Simpson,male,concept,english,Europe,,,,,,,,,,,,,,,,,,,,,,,,,,,,,,,,,,,,,,,,,,,,,,,,,
Biology,,Charles Darwin,male,scientist,english,Europe,,,,,,,,,,,,,,,,,,,,,,,,,,,,,,,,,,,,,,,,,,,,,,,,,
Biology,,Alfred Russel Wallace,male,scientist,english,Europe,,,,,,,,,,,,,,,,,,,,,,,,,,,,,,,,,,,,,,,,,,,,,,,,,
Biology,Calvin Cycle,Melvin Calvin,male,concept,american,North America,,,,,,,,,,,,,,,,,,,,,,,,,,,,,,,,,,,,,,,,,,,,,,,,,
Chemistry,The Bohr Model,Niels Bohr,male,concept,danish,Europe,,,,,,,,,,,,,,,,,,,,,,,,,,,,,,,,,,,,,,,,,,,,,,,,,
Chemistry,the Avogadro constant,Amedeo Avogadro,male,concept,italian,Europe,,,,,,,,,,,,,,,,,,,,,,,,,,,,,,,,,,,,,,,,,,,,,,,,,
Chemistry,Pauling electronegativity values,Linus Pauling,male,concept,american,Europe,,,,,,,,,,,,,,,,,,,,,,,,,,,,,,,,,,,,,,,,,,,,,,,,,
Chemistry,the Boltzmann distribution,Ludwig Boltzmann,male,concept,austrian,Europe,,,,,,,,,,,,,,,,,,,,,,,,,,,,,,,,,,,,,,,,,,,,,,,,,
Chemistry,Hess' Law,Germain Henri Hess,male,concept,swiss-russian,Europe,,,,,,,,,,,,,,,,,,,,,,,,,,,,,,,,,,,,,,,,,,,,,,,,,
Chemistry,le Chatelier's Principle,Henry Louis Le Chatelier,male,concept,french,Europe,,,,,,,,,,,,,,,,,,,,,,,,,,,,,,,,,,,,,,,,,,,,,,,,,
Chemistry,Cahn-Ingold-Prelog Priority,"R. S. Cahn, C. K. Ingold, V. Prelog",male,concept,english and engish and Croatian-Swiss ,Europe,,,,,,,,,,,,,,,,,,,,,,,,,,,,,,,,,,,,,,,,,,,,,,,,,
Chemistry,Markownikoff's Rule,Vladimir Markovnikov,male,concept,Russian,Europe,,,,,,,,,,,,,,,,,,,,,,,,,,,,,,,,,,,,,,,,,,,,,,,,,
Chemistry,Born-Haber Cycles,Max Born and Fritz Haber,male,concept,german-british and german,Europe,,,,,,,,,,,,,,,,,,,,,,,,,,,,,,,,,,,,,,,,,,,,,,,,,
Chemistry,Bronsted-Lowry acids and bases,Johannes Nicolaus Brønsted and Thomas Martin Lowry,male,concept,danish and english,Europe,,,,,,,,,,,,,,,,,,,,,,,,,,,,,,,,,,,,,,,,,,,,,,,,,
Chemistry,The Gibbs' Equations,Josiah Willard Gibbs,male,concept,american,Europe,,,,,,,,,,,,,,,,,,,,,,,,,,,,,,,,,,,,,,,,,,,,,,,,,
Chemistry,The Kekule model of Benzene,Friedrich August Kekulé,male,concept,german,Europe,,,,,,,,,,,,,,,,,,,,,,,,,,,,,,,,,,,,,,,,,,,,,,,,,
Chemistry,Friedel-Crafts reaction,Charles Friedel and James Crafts,male,concept,french and american,Europe-North America,,,,,,,,,,,,,,,,,,,,,,,,,,,,,,,,,,,,,,,,,,,,,,,,,
Chemistry,Tollens' reagent,Bernhard Tollens,male,concept,german,Europe,,,,,,,,,,,,,,,,,,,,,,,,,,,,,,,,,,,,,,,,,,,,,,,,,
