Subject,Mention,Name of Scientist,Gender,Type of Mention,Nationality,Region,Notes,
Physics,Schwarzschild Radius,Karl Schwarzschild,male,concept,German,Europe,,
Physics,Nevil Maskelyne's Schiehallion Experiment,Nevil Maskelyne,male,concept,English,Europe,,
Physics,Cavendish/Boys Experiment,Henry Cavendish,male,concept,English,Europe,,
Physics,Cavendish/Boys Experiment,Charles Vernon Boys,male,concept,English,Europe,,
Physics,Hertzsprung-Russell (H-R) Diagrams,Ejnar Hertzsprung,male,concept,Danish,Europe,,
Physics,Hertzsprung-Russell (H-R) Diagrams,Henry Norris Russell,male,concept,American,North America,,
Physics,Bohr Model of the Atom,Niels Bohr,male,concept,Danish,Europe,,
Physics,The de Broglie Wavelength,Louis de Broglie,male,concept,French,Europe,,
Physics,Compton Scattering,Arthur Holly Compton,male,concept,American,North America,,
Physics,Heisenberg Uncertainty Principle,Werner Heisenberg,male,concept,German,Europe,,
Physics,Carrington Flare,Richard Carrington,male,concept,English,Europe,,
Physics,Melde's Experiment,Franz Melde,male,concept,German,Europe,,
Physics,Fourier Analysis,Jean-Baptiste Joseph Fourier,male,concept,French,Europe,,
Physics,Newton's Rings,Isaac Newton,male,concept,English,Europe,,
Physics,Wiener's Experiment,Norbert Wiener,male,concept,American,North America,,
Physics,Young's Slits Interference,Thomas Young,male,concept,English,Europe,,
Physics,Brewster's Angle,Sir David Brewster,male,concept,Scottish,Europe,,
Physics,Millikan's Experimental Method,Robert Andrews Millikan,male,concept,American,North America,,
Physics,Hall Probe,Edwin Herbert Hall,male,concept,American,North America,,
Chemistry,Hund's rule,Friedrich Hund,male,concept,German,Europe,,
Chemistry,Pauli exclusion principle,Wolfgang Pauli,male,concept,Austrian-Swiss-American,Europe-North America,,
Chemistry,Brønsted-Lowry,Johannes Nicolaus Brønsted,male,concept,Danish,Europe,,
Chemistry,Brønsted-Lowry,Thomas Martin Lowry,male,concept,English,Europe,,
Chemistry,Markovnikov's rule,Vladimir Markovnikov,male,concept,Russian,Europe,,
Chemistry,Fehling's solution,Hermann von Fehling,male,concept,German,Europe,,
Chemistry,Tollens' reagent,Bernhard Tollens,male,concept,German,Europe,,
Chemistry,van der Waals forces,Johannes Diderik van der Waals,male,concept,Dutch,Europe,,
Chemistry,Büchner funnel,Ernst Wilhelm Büchner,male,concept,German,Europe,,
Chemistry,Avogadro's constant,Amedeo Avogadro,male,concept,Italian,Europe,,
Chemistry,The oxidation of Rochelle salts,Pierre Seignette,male,concept,French,Europe,,
Chemistry,Le Chatelier's principle,Henry Louis Le Chatelier,male,concept,French,Europe,,
Chemistry,Entropy,Einstein,male,scientist,German,Europe,,
Chemistry,Gibbs Free Energy,Josiah Willard Gibbs,male,concept,American,North America,,
Chemistry,Williamson ether synthesis,Alexander William Williamson,male,scientist,English,Europe,,
Chemistry,Hirsch funnel,Robert Hirsch,male,concept,German,Europe,,
Biology,Bradford Protein Assay,Marion M. Bradford,male,concept,American,North America,Gender corrected - Male not Female,
Biology,The Golgi apparatus,Camillo Golgi,male,concept,Italian,Europe,,
Biology,Parkinson's,Dr. James Parkinson,male,concept,English,Europe,,
Biology,Alzheimer's,Dr. Alois Alzheimer,male,concept,German,Europe,,
Biology,Read excerpts from Bryan Sykes's book,Bryan Sykes,male,scientist,English,Europe,,
Biology,The Hardy-Weinberg (HW) principle,G. H. Hardy,male,concept,English,Europe,,
Biology,The Hardy-Weinberg (HW) principle,Wilhelm Weinberg,male,concept,German,Europe,,
Biology,Read excerpts from Matt Ridley's book,Matt Ridley,male,scientist,English,Europe,,
Biology,Research Karl Popper's concept of falsifiability,Karl Popper,male,scientist,Austrian-British,Europe,,
Biology,Frederick Grinnell's book,Frederick Grinnell,male,scientist,American,North America,,
Biology,Discuss excerpts from Ben Goldacre's book,Ben Goldacre,male,scientist,English,Europe,,