Subject,Mention,Name of Scientist,Gender,Type of Mention,Nationality,Region,Notes,
Physics,First Law,Sir Isaac Newton,male,concept,english,Europe,,
Physics,Second Law,Sir Isaac Newton,male,concept,english,Europe,,
Physics,Third Law,Sir Isaac Newton,male,concept,english,Europe,,
Physics,Newtonian relativity,Sir Isaac Newton,male,concept,english,Europe,,
Physics,Thought experiment,Sir Isaac Newton,male,concept,english,Europe,,
Physics,Law of Universal Gravitation,Sir Isaac Newton,male,concept,english,Europe,,
Physics,Doppler effect,Christian Doppler,male,concept,austrian,Europe,,
Physics,-,Nevil Maskelyne,male,scientist,english,Europe,Mentioned in the suggested activities section,
Physics,-, Henry Cavendish,male,scientist,english,Europe,Mentioned in the suggested activities section,
Physics,-,Sir Charles Vernon Boys,male,scientist,english,Europe,Mentioned in the suggested activities section,
Physics,Galilean invariance,Galileo Galilei,male,concept,italian,Europe,,
Physics,Hubble-Lemaître Law,Edwin Hubble,male,concept,american,North America,,
Physics,Hubble constant,Edwin Hubble,male,concept,american,North America,,
Physics,Hubble-Lemaître Law,Georges Henri Joseph Édouard Lemaître,male,concept,beligian,Europe,,
Physics,Cosmological constant ,Albert Einstein,male,concept,german,Europe,,
Physics,Hertzsprung-Russell diagram,Ejnar Hertzsprung,male,concept,danish,Europe,,
Physics,Hertzsprung-Russell diagram,Henry Norris Russell,male,concept,american,North America,,
Physics,Olbers' paradox,Heinrich Wilhelm Matthias Olbers,male,concept,german,Europe,,
Physics,Higgs boson ,Peter Higgs,male,concept,english,Europe,,
Physics,Bohr model of the atom,Niels Bohr,male,concept,danish,Europe,,
Physics,Fraunhofer lines,Joseph von Fraunhofer,male,concept,german,Europe,,
Biology,Chargaff's base ratios,Erwin Chargraff,male,concept,Austria-Hungary-American,North America,,
Biology,X-ray crystallography,Maurice Wilkins,male,scientist, New Zealand-British,Oceania-Europe,,
Biology,X-ray crystallography,Rosalind Franklin,female,scientist,english,Europe,,
Biology,DNA double helix model,Francis Crick,male,scientist,english,Europe,,
Biology,DNA double helix model,James Watson,male,scientist,american,North America,,
Biology,experiments on DNA replication,Matthew Meselson,male,scientist,american,North America,,
Biology,experiments on DNA replication,Franklin Stahl,male,scientist,american,North America,,
Biology,Jacob–Monod hypothesis,Jacques Monod,male,concept,french,Europe,,
Biology,Jacob–Monod hypothesis,François Jacob,male,concept,french,Europe,,
Biology,Tay-Sachs disease,Waren Tay,male,concept,english,Europe,,
Biology,Tay-Sachs disease,Bernard Sachs,male,concept,american,North America,,
Biology,Duchenne muscular dystrophy,Guillaume-Benjamin-Amand Duchenne,male,concept,french,Europe,,
Biology,citric acid cycle,Hans Krebs ,male,scientist,german and british,Europe,,
Biology,Hill reaction,Robin Hill ,male,concept,english,Europe,,
Biology,Calvin cycle,Melvin Calvin,male,concept,american,North America,,
Chemistry,Hess's law, Germain Hess,male,concept,swiss-russian,Europe,,
Chemistry,Le Chatelier's principle,Henry Louis Le Chatelier,male,concept,french,Europe,,
Chemistry, van der Waals forces, Johannes Diderik van der Waals,male,concept,dutch,Europe,,
Chemistry,Fehling's solution ,Hermann von Fehling,male,concept,german,Europe,,
Chemistry,Tollens' reagent,Bernhard Tollens,male,concept,german,Europe,,
Chemistry,Bunsen burner,Robert Bunsen,male,concept,german,Europe,,
Chemistry,Rochelle salts," Pierre Seignette, of La Rochelle, France",male,concept,french,Europe,,
Chemistry,Haber process,Fritz Haber ,male,concept,german,Europe,,
Chemistry,Ostwald process,Wilhelm Ostwald,male,concept,german,Europe,,
,,,,,,,,
,,,,,,,,
,,,,,,,,
